Color,Hex_Code,Team,color_level
Purple,#4f2170;,Abilene Christian Wildcats,1
White,#ffffff;,Abilene Christian Wildcats,2
Gray,#c5c6c8;,Abilene Christian Wildcats,3
Blue,#003087;,Air Force Falcons,1
Silver,#8A8D8F;,Air Force Falcons,2
BLUE ,#041E42;,Akron Zips,1
GOLD ,#A89968;,Akron Zips,2
WHITE,#FFFFFF;,Akron Zips,3
Maroon,#660000;,Alabama A&M Bulldogs,1
White,#ffffff;,Alabama A&M Bulldogs,2
 Crimson,#9e1b32;,Alabama Crimson Tide,1
Gray,#828a8f;,Alabama Crimson Tide,2
White,#ffffff;,Alabama Crimson Tide,3
Old Gold,#C99700;,Alabama State Hornets,1
Black,#000000;,Alabama State Hornets,2
Blue,#143d8d;,American Eagles Colors,1
Red,#c41230;,American Eagles Colors,2
White,#FFFFFF;,American Eagles Colors,3
Purple ,#461660;,Albany Great Danes,1
Gold ,#eeb211;,Albany Great Danes,2
Gold,#ce8e00;,Alcorn State Braves,1
Purple,#4b306a;,Alcorn State Braves,2
Black ,#222222;,Appalachian State Mountaineers,1
YELLOW ,#ffcc00;,Appalachian State Mountaineers,2
Red,#CC0033;,Arizona Wildcats,1
Navy,#003366;,Arizona Wildcats,2
Maroon,#8C1D40;,Arizona State Sun Devils,1
Gold,#FFC627;,Arizona State Sun Devils,2
Gold,#EEB310;,Arkansas Golden Lions,1
Red,#E31837;,Arkansas Golden Lions,2
White,#ffffff;,Arkansas Golden Lions,3
Black,#000000;,Arkansas Golden Lions,4
Maroon,#6e2639;,Arkansas Little-Rock Trojans,1
Silver,#A7A9AC;,Arkansas Little-Rock Trojans,2
Cardinal Red,#9D2235;,Arkansas Razorbacks,1
White,#FFFFFF;,Arkansas Razorbacks,2
Scarlett ,#cc092f;,Arkansas State Red Wolves,1
Black ,#000000;,Arkansas State Red Wolves,2
US ARMY GOLD ,#FFD530;,Army Black Knights,1
GOLD ATHLETICS ,#D4BF91;,Army Black Knights,2
GRAY ,#B2B4B3;,Army Black Knights,3
BLACK,#000000;,Army Black Knights,4
WHITE,#FFFFFF;,Army Black Knights,5
Red,#C41E3A;,Austin Peay Governors,1
White,#ffffff;,Austin Peay Governors,2
Gray,#ADAFAA;,Austin Peay Governors,3
Black,#000000;,Austin Peay Governors,4
Auburn Blue,#0C2340;,Auburn Tigers,1
Auburn Orange,#E87722;,Auburn Tigers,2
CARDINAL RED ,#BA0C2F;,Ball State Cardinals,1
BLACK,#000000;,Ball State Cardinals,2
WHITE,#FFFFFF;,Ball State Cardinals,3
Baylor Green,#003015;,Baylor Bears,1
Baylor Gold,#Fecb00;,Baylor Bears,2
Yellow,#F2A900;,B-C Wildcats,1
Burgundy,#6F263D;,B-C Wildcats,2
White,#ffffff;,B-C Wildcats,3
Red,#C8102E;,Belmont Bruins,1
Dark Blue,#00205B;,Belmont Bruins,2
White,#ffffff;,Belmont Bruins,3
Black,#000000;,Belmont Bruins,4
Deep Green ,#005A43;,Binghamton Bearcats,1
Green ,#169B62;,Binghamton Bearcats,2
RED ,#BF0D3E;,Binghamton Bearcats,3
COOL GRAY ,#B1B3B3;,Binghamton Bearcats,4
Orange,#D64309;,Boise State Broncos,1
Blue,#0033A0;,Boise State Broncos,2
Maroon,#98002E;,Boston College Eagles,1
Gold,#BC9B6A;,Boston College Eagles,2
Gray,#726158;,Boston College Eagles,3
Red,#CC0000;,Boston University Terriers,1
Dark Red,#A3011B;,Boston University Terriers,2
Dark Grey,#231F20;,Boston University Terriers,3
Grey,#929497;,Boston University Terriers,4
Light Grey,#E6E6E7;,Boston University Terriers,5
White,#ffffff;,Boston University Terriers,6
ORANGE ,#FE5000;,Bowling Green Falcons,1
BROWN ,#4F2C1D;,Bowling Green Falcons,2
TAN ,#CDA077;,Bowling Green Falcons,3
BLACK,#000000;,Bowling Green Falcons,4
Bradley Red ,#A50000;,Bradley Braves,1
KABOOM GRAY ,#999999;,Bradley Braves,2
WHITE,#FFFFFF;,Bradley Braves,3
BROWN BEARS DARK BROWN ,#4E3629;,Brown Bears,1
BROWN BEARS LIGHT BROWN ,#7C2529;,Brown Bears,2
BROWN BEARS RED ,#E4002B;,Brown Bears,3
BLACK,#000000;,Brown Bears,4
Gold,#b4975b;,Bryant Bulldogs,1
Light Gold,#c9bb8c;,Bryant Bulldogs,2
Gray,#818286;,Bryant Bulldogs,3
Black,#000000;,Bryant Bulldogs,4
Orange,#E87722;,Bucknell Bison,1
Blue,#003865;,Bucknell Bison,2
White,#FFFFFF;,Bucknell Bison,3
UB BLUE ,#005BBB;,Buffalo Bulls,1
HAYES HALL WHITE,NA,Buffalo Bulls,2
BlUE ,#13294b;,Butler Bulldogs,1
GRAY ,#747678;,Butler Bulldogs,2
SECONDARY GRAY ,#d1e0d7;,Butler Bulldogs,3
BLACK,#000000;,Butler Bulldogs,4
BYU Blue ,NA,BYU Cougars,1
White ,#FFFFFF;,BYU Cougars,2
Royal ,#0062B8;,BYU Cougars,3
CAL POLY GREEN ,#003831;,Cal Poly Mustangs,1
CAL POLY VEGAS GOLD ,#FFE395;,Cal Poly Mustangs,2
CAL POLY COPPER GOLD ,#B38F4F;,Cal Poly Mustangs,3
BLACK,#000000;,Cal Poly Mustangs,4
TITAN BLUE ,#00274C;,Cal State Fullerton Titans,1
TITAN LIGHT ORANGE ,#DC8218;,Cal State Fullerton Titans,2
WHITE,#FFFFFF;,Cal State Fullerton Titans,3
Navy Blue,#002554;,California Baptist Lancers,1
Gold,#A37400;,California Baptist Lancers,2
Berkeley Blue ,#003262;,California Golden Bears,1
Founder’s Rock ,#3B7EA1;,California Golden Bears,2
California Gold,#FDB515;,California Golden Bears,3
Medalist,#c4820e;,California Golden Bears,4
Orange,#f58025;,Campbell Fighting Camels,1
Black,#231f20;,Campbell Fighting Camels,2
BLUE ,#0C2340;,Canisius Golden Griffins,1
GOLD,#ffba00;,Canisius Golden Griffins,2
WHITE,#FFFFFF;,Canisius Golden Griffins,3
Blue,#00539b;,C. C. Blue Devils,1
White,#ffffff;,C. C. Blue Devils,2
Silver,#cfd4d8;,C. C. Blue Devils,3
Purple,#4f2d7f;,Central Arkansas Bears,1
Gray,#818a8f;,Central Arkansas Bears,2
White,#ffffff;,Central Arkansas Bears,3
Black,#000000;,Central Arkansas Bears,4
MAROON ,#6A0032;,Central Michigan Chippewas,1
GOLD ,#FFC82E;,Central Michigan Chippewas,2
Green,#046A38;,Charlotte 49ers,1
Gold ,#B9975B;,Charlotte 49ers,2
Black,#27251F;,Charlotte 49ers,3
Gold,#A8996E;,Charleston Buccaneers,1
Blue,#002855;,Charleston Buccaneers,2
White,#ffffff;,Charleston Buccaneers,3
Maroon,#800000;,Charleston Cougars,1
METALLIC GOLD,#9d8958;,Charleston Cougars,2
GRAY,#d9d9d6;,Charleston Cougars,3
GOLD,#c5b783;,Charleston Cougars,4
White,#ffffff;,Charleston Cougars,5
Blue,#00386b;,Chattanooga Mocs,1
Gold,#e0aa0f;,Chattanooga Mocs,2
Gray,#adafaa;,Chattanooga Mocs,3
Green ,#006666;,Chicago State Cougars,1
Black ,#000000;,Chicago State Cougars,2
RED,#E00122;,Cincinnati Bearcats,1
BLACK,#000000;,Cincinnati Bearcats,2
WHITE,#FFFFFF;,Cincinnati Bearcats,3
Citadel Blue ,#3975B7;,The Citadel,1
Navy,#1F3A60;,The Citadel,2
Dress White,#FFF;,The Citadel,3
Clemson Orange,#F56600;,Clemson Tigers,1
Regalia,#522D80;,Clemson Tigers,2
CLEVELAND STATE GREEN ,#006747;,Cleveland State Vikings,1
BLACK,#000000;,Cleveland State Vikings,2
WHITE,#FFFFFF;,Cleveland State Vikings,3
Teal,#006f71;,Coastal Carolina Chanticleers,1
Gold,#A27752;,Coastal Carolina Chanticleers,2
Black,#111111;,Coastal Carolina Chanticleers,3
Maroon ,#821019;,Colgate Raiders,1
Maple Red,#E10028;,Colgate Raiders,2
Black,#000000;,Colgate Raiders,3
Shadow Gray ,#5A646E;,Colgate Raiders,4
Winter Gray ,#D2D4D6;,Colgate Raiders,5
Gold,#CFB87C;,Colorado Buffaloes,1
Black,#000000;,Colorado Buffaloes,2
Dark Gray,#565A5C;,Colorado Buffaloes,3
Light Gray,#A2A4A3;,Colorado Buffaloes,4
BLUE,#4b92db;,Colorado Buffaloes,5
Green ,#1E4D2B;,Colorado State Rams,1
Gold ,#C8C372;,Colorado State Rams,2
ATHLETIC DARK BLUE ,#003865;,Columbia Lions,1
COLUMBIA BLUE ,#9BCBEB;,Columbia Lions,2
WHITE,#FFFFFF;,Columbia Lions,3
Navy Blue ,#000e2f;,Connecticut Huskies,1
White ,#ffffff;,Connecticut Huskies,2
Grey ,#7C878E;,Connecticut Huskies,3
Red (Husky Tongue) ,#e4002b;,Connecticut Huskies,4
Grey ,#a2aaad;,Connecticut Huskies,5
Light Blue (Husky Eyes) ,#a4c8e1;,Connecticut Huskies,6
Blue,#003056;,Coppin State Eagles,1
Gold,#ffc915;,Coppin State Eagles,2
CARNELLIAN ,#B31B1B;,Cornell Big Red,1
BROWN,#5e3920;,Cornell Big Red,2
LIGHT BROWN,#89572e;,Cornell Big Red,3
BLACK,#000000;,Cornell Big Red,4
WHITE,#FFFFFF;,Cornell Big Red,5
CU BlUE ,#005ca9;,Creighton Bluejays,1
CU NAVY BLUE ,#00235D;,Creighton Bluejays,2
CU LIGHT BLUE ,#6CADDE;,Creighton Bluejays,3
CU GRAY ,#828282;,Creighton Bluejays,4
CU LIGHT GRAY ,#C8C8C8;,Creighton Bluejays,5
SILVER METALLIC ,#8A8D8F;,Creighton Bluejays,6
Blue ,#003594;,CSUB Roadrunners,1
Gold ,#FFC72C;,CSUB Roadrunners,2
RED ,#CE1126;,CSUN Matadors,1
SILVER ,#D1CEC6;,CSUN Matadors,2
BLACK,#000000;,CSUN Matadors,3
DARTMOUTH GREEN ,#046A38;,Dartmouth Big Green,1
BLACK,#000000;,Dartmouth Big Green,2
WHITE,#FFFFFF;,Dartmouth Big Green,3
Red ,#ac1a2f;,Davidson Wildcats,1
Black,#000000;,Davidson Wildcats,2
RED SCARE ,#CE1141;,Dayton Flyers,1
FLYERS BLUE ,#004B8D;,Dayton Flyers,2
GLOW RED ,#F80228;,Dayton Flyers,3
GLOW BLUE ,#0200D1;,Dayton Flyers,4
WHITE,#FFFFFF;,Dayton Flyers,5
Maroon ,#8b2332;,Denver Pioneers,1
Bronze ,#8b6f4b;,Denver Pioneers,2
Delaware Blue,#00539f;,Delaware Blue Hens,1
Yellow,#FFDD31;,Delaware Blue Hens,2
Delaware Yellow-Gold,#ffd200;,Delaware Blue Hens,3
Red,#EE3124;,Delaware State Hornets,1
Light Blue,#72CDF4;,Delaware State Hornets,2
Blue,#009DDC;,Delaware State Hornets,3
Black,#231F20;,Delaware State Hornets,4
ROYAL BlUE ,#005EB8;,DePaul Blue Demons,1
SCARLET ,#E4002B;,DePaul Blue Demons,2
RED ,#A6093D;,Detroit Mercy Titans,1
BLUE ,#002D72;,Detroit Mercy Titans,2
GRAY ,#D7D2CB;,Detroit Mercy Titans,3
DRAKE BLUE ,#004477;,Drake Bulldogs,1
GRAY ,#999999;,Drake Bulldogs,2
WHITE,#FFFFFF;,Drake Bulldogs,3
Blue,#00437b;,Drexel Dragons,1
Gold,#ffda02;,Drexel Dragons,2
Blue (Duke Athletics),#003087;,Duke Blue Devils,1
White,#ffffff;,Duke Blue Devils,2
Duke Royal Blue,#00539B;,Duke Blue Devils,3
Duke Navy Blue,#012169;,Duke Blue Devils,4
NAVY BLUE ,#041E42;,Duquesne Dukes,1
RED ,#BA0C2F;,Duquesne Dukes,2
BLACK,#000000;,Duquesne Dukes,3
PURPLE ,#592A8A;,East Carolina Pirates,1
GOLD ,#FDC82F;,East Carolina Pirates,2
GREEN ,#006633;,Eastern Michigan,1
BLACK,#000000;,Eastern Michigan,2
WHITE,#FFFFFF;,Eastern Michigan,3
Gray,#919295;,Eastern Illinois Panthers,1
Blue,#004b83;,Eastern Illinois Panthers,2
White,#ffffff;,Eastern Illinois Panthers,3
Maroon,#8a0039;,E. Kentucky Colonels,1
White,#ffffff;,E. Kentucky Colonels,2
Navy,#041e42;,ETSU,1
Gold,#FFC72C;,ETSU,2
Red,NA,Eastern Washington,1
White,#FFFFFF;,Eastern Washington,2
Black,#000000;,Eastern Washington,3
Gray,NA,Eastern Washington,4
Maroon,#73000a;,Elon Phoenix,1
Gold,#b59a57;,Elon Phoenix,2
White,#ffffff;,Elon Phoenix,3
Black,#000000;,Elon Phoenix,4
PURPLE,#52237f;,Evansville Purple Aces,1
ORANGE,#f36f21;,Evansville Purple Aces,2
WHITE,#FFFFFF;,Evansville Purple Aces,3
RED ,#C8102E;,Fairfield Stags,1
GRAY ,#A2AAAD;,Fairfield Stags,2
BLACK,#000000;,Fairfield Stags,3
WHITE,#FFFFFF;,Fairfield Stags,4
Blue,#28334A;,F. Dickinson Knights,1
Burgundy,#72293C;,F. Dickinson Knights,2
Blue ,#003366;,FAU Owls,1
Red ,#CC0000;,FAU Owls,2
Silver ,#8A8D8F;,FAU Owls,3
Gray ,#CCCCCC;,FAU Owls,4
Navy Blue ,#081E3F;,FIU Panthers,1
Red ,#B6862C;,FIU Panthers,2
Fang Orange,#ee7624;,Florida A&M Rattlers,1
Venom Green,#1b5633;,Florida A&M Rattlers,2
Black,#231f20;,Florida A&M Rattlers,3
Blue,#0021A5;,Florida Gators,1
Orange,#FA4616;,Florida Gators,2
Cobalt Blue ,#002D72;,Florida Gulf Coast Eagles,1
Emerald Green ,#007749;,Florida Gulf Coast Eagles,2
Gold ,#B9975B;,Florida Gulf Coast Eagles,3
Garnet,#782F40;,Florida State Seminoles,1
Gold ,#CEB888;,Florida State Seminoles,2
White ,#FFFFFF;,Florida State Seminoles,3
Black ,#000000;,Florida State Seminoles,4
FORDHAM AHTLETIC MAROON ,#860038;,Fordham Rams,1
WHITE,#FFFFFF;,Fordham Rams,2
Blue,#002F6C;,Fort Wayne Mastadons,1
Black,#000000;,Fort Wayne Mastadons,2
Dark Gray,#63666A;,Fort Wayne Mastadons,3
Medium Gray,#97999B;,Fort Wayne Mastadons,4
Light Gray,#BBBCBC;,Fort Wayne Mastadons,5
Red ,#db0032;,Fresno State Bulldogs,1
Blue ,#002e6d;,Fresno State Bulldogs,2
Green ,#007934;,Fresno State Bulldogs,3
Dark Purple,#201547;,Furman Paladins,1
Purple,#582c83;,Furman Paladins,2
Cool Gray 6 C,#A7A8AA;,Furman Paladins,3
Red,#BF2F37;,Gardner-Webb Bulldogs,1
White,#ffffff;,Gardner-Webb Bulldogs,2
Black,#000000;,Gardner-Webb Bulldogs,3
MASON GREEN ,#006633;,George Mason Patriots,1
MASON GOLD ,#FFCC33;,George Mason Patriots,2
WHITE,#FFFFFF;,George Mason Patriots,3
BLACK,#000000;,George Mason Patriots,4
BUFF ,#e2cb92;,George Washington Colonials,1
BLUE ,#002654;,George Washington Colonials,2
WHITE,#FFFFFF;,George Washington Colonials,3
Bulldog RedCMYK,#BA0C2F;,Georgia Bulldogs,1
Arch Black,#000000;,Georgia Bulldogs,2
Chapel Bell White,#FFFFFF;,Georgia Bulldogs,3
Blue ,#011e41;,Georgia Southern Eagles,1
Gray ,#A3AAAE;,Georgia Southern Eagles,2
Old Gold ,#87714D;,Georgia Southern Eagles,3
Blue ,#0039A6;,Georgia State Panthers,1
Red ,#C60C30;,Georgia State Panthers,2
Black ,#000000;,Georgia State Panthers,3
Tech Gold,#B3A369;,Georgia Tech Yellow Jackets,1
Tech Gold (Metallic),#A28D5B;,Georgia Tech Yellow Jackets,2
Blue,#003057;,Georgia Tech Yellow Jackets,3
GEORGETOWN BLUE ,#041E42;,Georgetown Hoyas,1
GEORGETOWN GRAY ,#8D817B;,Georgetown Hoyas,2
Navy Blue,#041E42;,Gonzaga Bulldogs,1
Athletic Red,#C8102E;,Gonzaga Bulldogs,2
Athletic Gray,#C1C6C8;,Gonzaga Bulldogs,3
Gold,#eaa921;,Grambling Tigers,1
Black,#000000;,Grambling Tigers,2
Purple ,#522398;,Grand Canyon Antelopes,1
Black ,#000000;,Grand Canyon Antelopes,2
GREEN ,#006747;,Green Bay Phoenix,1
RED ,#9D2235;,Green Bay Phoenix,2
SILVER ,#8A8D8F;,Green Bay Phoenix,3
Blue,#0060A9;,Hampton Pirates,1
White,#ffffff;,Hampton Pirates,2
RED ,#c02427;,Hartford Hawks,1
BLACK ,#0f0708;,Hartford Hawks,2
WHITE Verified Source,NA,Hartford Hawks,3
Crimson,NA,Harvard Crimson,1
Black,#000000;,Harvard Crimson,2
Cool Grey,#808285;,Harvard Crimson,3
Silver,#B6B6B6;,Harvard Crimson,4
Green,#024731;,Hawaii Warriors,1
Silver,#c8c8c8;,Hawaii Warriors,2
Black,#00000;,Hawaii Warriors,3
Royal Purple,#330072;,High Point Panthers,1
White,#ffffff;,High Point Panthers,2
Blue,#0B1E73;,Hofstra Pride,1
Gold,#FEB612;,Hofstra Pride,2
White,#ffffff;,Hofstra Pride,3
Purple ,#602d89;,Holy Cross,1
White,#FFFFFF;,Holy Cross,2
Black ,#000000;,Holy Cross,3
Blue,#1c4e9d;,Houston Baptist Huskies,1
Orange,#f3652c;,Houston Baptist Huskies,2
White,#ffffff;,Houston Baptist Huskies,3
RED ,#C8102E;,Houston Cougars,1
DARK RED ,#76232F;,Houston Cougars,2
GRAY ,#B2B4B2;,Houston Cougars,3
Dark Blue,#003a63;,Howard Bisons,1
Red,#e51937;,Howard Bisons,2
Gray,#6a808c;,Howard Bisons,3
Athletic Gold,NA,Idaho Vandals,1
Academic Gold,NA,Idaho Vandals,2
Metallic Gold,NA,Idaho Vandals,3
Silver,NA,Idaho Vandals,4
Black,#000000;,Idaho Vandals,5
ISU Orange,NA,Idaho State Bengals,1
Black,#000000;,Idaho State Bengals,2
Light Orange,#F9A81A;,Idaho State Bengals,3
Navy Blue,#13294b;,Illinois Fighting Illini,1
Orange,#E84A27;,Illinois Fighting Illini,2
RED ,#ce1126;,Illinois State Redbirds,1
YELLOW ,#F9DD16;,Illinois State Redbirds,2
WHITE,#FFFFFF;,Illinois State Redbirds,3
BLACK,#000000;,Illinois State Redbirds,4
Red,#cb333b;,Incarnate Word Cardinals,1
Black,#000000;,Incarnate Word Cardinals,2
Crimson,#990000;,Indiana Hoosiers,1
Cream,#EEEDEB;,Indiana Hoosiers,2
ROYAL BLUE ,#0142BC;,Indiana State Sycamores,1
WHITE,#FFFFFF;,Indiana State Sycamores,2
MAROON ,#6F2C3F;,Iona Gaels,1
GOLD ,#F2A900;,Iona Gaels,2
Hawkeyes Gold,#FFCD00;,Iowa Hawkeyes,1
Black,#000000;,Iowa Hawkeyes,2
Cardinal,#C8102E;,Iowa State Cyclones,1
Gold,#F1BE48;,Iowa State Cyclones,2
IU CRIMSON ,#9D2235;,IUPUI Jaguars,1
IU CREAM ,#DFD1A7;,IUPUI Jaguars,2
BLACK,#000000;,IUPUI Jaguars,3
Navy Blue,#002147;,Jackson State Tigers,1
Light Blue,#008ED6;,Jackson State Tigers,2
White,#ffffff;,Jackson State Tigers,3
GREEN,#004E44;,Jacksonville Dolphins,1
GRAY,#898a8d;,Jacksonville Dolphins,2
SILVER,#BBBBBB;,Jacksonville Dolphins,3
BLACK,#000000;,Jacksonville Dolphins,4
Red,#CC0000;,J. State Gamecocks,1
White,#ffffff;,J. State Gamecocks,2
Black,#000000;,J. State Gamecocks,3
Purple,#450084;,James Madison Dukes,1
Gold,#CBB677;,James Madison Dukes,2
KU Blue,#0051BA;,Kansas Jayhawks,1
Crimson ,#E8000D;,Kansas Jayhawks,2
Jayhawk Yellow ,#ffc82d;,Kansas Jayhawks,3
Signature Grey,#85898a;,Kansas Jayhawks,4
Purple ,#512888;,Kansas State Wildcats,1
Light Gray,#d1d1d1;,Kansas State Wildcats,2
Gray,#a7a7a7;,Kansas State Wildcats,3
White ,#FFFFFF;,Kansas State Wildcats,4
Black ,#000000;,Kansas State Wildcats,5
KSU Gold ,#FDBB30;,Kennesaw State Owls,1
BLACK ,#0B1315;,Kennesaw State Owls,2
GREY ,#C5C6C8;,Kennesaw State Owls,3
NAVY BLUE,#002664;,Kent State Golden Flashes,1
GOLD,#EAAB00;,Kent State Golden Flashes,2
Wildcat Blue,#0033a0;,Kentucky Wildcats,1
White,#FFFFFF;,Kentucky Wildcats,2
Black,#000000;,Kentucky Wildcats,3
Gold,#a8996e;,Lafayette Leopards,1
Maroon,#98002e;,Lafayette Leopards,2
White,#ffffff;,Lafayette Leopards,3
Black,#000000;,Lafayette Leopards,4
Red,#dc0032;,Lamar Cardinals,1
White,#ffffff;,Lamar Cardinals,2
Gold,#fcb034;,Lamar Cardinals,3
GOLD ,#ffcc00;,La Salle Explorers,1
BLUE ,#003366;,La Salle Explorers,2
WHITE,#FFFFFF;,La Salle Explorers,3
Dark Brown,#653600;,Lehigh Mountain Hawks,1
Gold,#ffd24f;,Lehigh Mountain Hawks,2
Red,#e51937;,Lehigh Mountain Hawks,3
Brown,#994708;,Lehigh Mountain Hawks,4
Light Gold,#cfab7a;,Lehigh Mountain Hawks,5
Green,#00703c;,Lehigh Mountain Hawks,6
White,#FFFFFF;,Lehigh Mountain Hawks,7
Blue,#002d62;,Liberty Flames,1
Red,#c41230;,Liberty Flames,2
White,#ffffff;,Liberty Flames,3
Grey,#c6c8ca;,Liberty Flames,4
PURPLE ,#331E54;,Lipscomb Bisons,1
GOLD ,#F4AA00;,Lipscomb Bisons,2
BLACK,#000000;,Lipscomb Bisons,3
Blue,#15213B;,Longwood Lancers,1
Grey,#999D9E;,Longwood Lancers,2
White,#ffffff;,Longwood Lancers,3
GO BEACH GOLD ,#ffc72a;,Long Beach State 49ers,1
CHAMPIONSHIP BLACK ,#000000;,Long Beach State 49ers,2
Blue,#69B3E7;,Long Island Sharks,1
Gold,#FFC72C;,Long Island Sharks,2
White,#ffffff;,Long Island Sharks,3
MAROON ,#800029;,Louisiana-Monroe Warhawks,1
GOLD ,#BD955A;,Louisiana-Monroe Warhawks,2
Dark Grey ,#646469;,Louisiana-Monroe Warhawks,3
Light Grey ,#dad86d9;,Louisiana-Monroe Warhawks,4
Red ,#ce181e;,Louisiana Ragin’ Cajuns,1
Black ,#0a0203;,Louisiana Ragin’ Cajuns,2
Gray ,#c1c5c9;,Louisiana Ragin’ Cajuns,3
Orange ,#f18c21;,Louisiana Ragin’ Cajuns,4
Purple,#461D7C;,Louisiana State Tigers,1
Gold,#FDD023;,Louisiana State Tigers,2
Blue ,NA,Louisiana Tech Bulldogs,1
Red ,NA,Louisiana Tech Bulldogs,2
Gray ,NA,Louisiana Tech Bulldogs,3
Black ,#000000;,Louisiana Tech Bulldogs,4
Red,#AD0000;,Louisville Cardinals,1
Black,#000000;,Louisville Cardinals,2
Yellow,#FDB913;,Louisville Cardinals,3
LMU Red ,#b62b3a;,Loyola Marymount Lions,1
LMU Blue ,#00447c;,Loyola Marymount Lions,2
LMU Gray ,#617080;,Loyola Marymount Lions,3
LMU Black ,#231f20;,Loyola Marymount Lions,4
Green,#00694e;,Loyola (MD) Greyhounds,1
Grey,#cacac8;,Loyola (MD) Greyhounds,2
Black,#000000;,Loyola (MD) Greyhounds,3
Navy Blue ,#003263;,Maine Black Bears,1
Light Blue ,#B0D7FF;,Maine Black Bears,2
RED ,#AB0634;,Maine Black Bears,3
GRAY ,#908C89;,Maine Black Bears,4
BLACK,#000000;,Maine Black Bears,5
WHITE,#FFFFFF;,Maine Black Bears,6
GREEN ,#00703C;,Manhattan,1
WHITE,#FFFFFF;,Manhattan,2
MARIST RED ,#C8102E;,Marist Red Foxes,1
LIGHT GREY,#b2b2b2;,Marist Red Foxes,2
BLACK,#000000;,Marist Red Foxes,3
WHITE,#FFFFFF;,Marist Red Foxes,4
GREEN ,#00B140;,Marshall Thundering Herd,1
GRAY ,#A2AAAD;,Marshall Thundering Herd,2
BROWN ,#693F23;,Marshall Thundering Herd,3
LIGHT BROWN ,#AD7C59;,Marshall Thundering Herd,4
BLACK ,#27251F;,Marshall Thundering Herd,5
Marquette Blue ,#003366;,Marquette Golden Eagles,1
Marquette Gold ,#ffcc00;,Marquette Golden Eagles,2
Red,#862633;,Maryland E.S. Hawks,1
Gray,#888B8D;,Maryland E.S. Hawks,2
Black,#000000;,Maryland E.S. Hawks,3
Red,#E03a3e;,Maryland Terrapins,1
Gold,#ffd520;,Maryland Terrapins,2
White,#FFFFFF;,Maryland Terrapins,3
Black,#000000;,Maryland Terrapins,4
Royal Blue,#00529b;,McNeese Cowboys,1
Sunflower Gold,#ffd204;,McNeese Cowboys,2
UNIVERSITY BLUE ,#003087;,Memphis Tigers,1
UNIVERSITY GRAY ,#898D8D;,Memphis Tigers,2
Mercer Orange,#f76800;,Mercer Bears,1
Black,#000000;,Mercer Bears,2
Blue,#003768;,Merrimack Warriors,1
Gold,#fdb813;,Merrimack Warriors,2
Orange,#F47321;,Miami (FL) Hurricanes,1
Green,#005030;,Miami (FL) Hurricanes,2
White,#FFFFFF;,Miami (FL) Hurricanes,3
RED ,#b61e2e;,Miami (OH) Redhawks,1
BLACK,#000000;,Miami (OH) Redhawks,2
WHITE,#FFFFFF;,Miami (OH) Redhawks,3
Blue ,#00274c;,Michigan Wolverines,1
Maize ,#ffcb05;,Michigan Wolverines,2
Green,#18453B;,Michigan State Spartans,1
White,#FFFFFF;,Michigan State Spartans,2
Black ,#000000;,Middle Tennessee Blue Raiders,1
MTSU Blue ,NA,Middle Tennessee Blue Raiders,2
Light Blue ,NA,Middle Tennessee Blue Raiders,3
UWM GOLD ,#FFBD00;,Milwaukee Panthers,1
UWM SILVER GRAY ,#CCCCCC;,Milwaukee Panthers,2
UWM BLACK,NA,Milwaukee Panthers,3
Gopher Maroon,#7A0019;,Minnesota Golden Gophers,1
Gopher Gold,#FFCC33;,Minnesota Golden Gophers,2
Green,#00703c;,Mississippi Delta Devils,1
Red,#e51937;,Mississippi Delta Devils,2
Black,#000000;,Mississippi Delta Devils,3
MISSOURI STATE MAROON ,#5E0009;,Missouri State Bears,1
WHITE,#FFFFFF;,Missouri State Bears,2
BLACK,#000000;,Missouri State Bears,3
Maroon,#660000;,Mississippi State Bulldogs,1
White,#ffffff;,Mississippi State Bulldogs,2
Gray,#CCCCCC;,Mississippi State Bulldogs,3
Dark Gray,#75787B;,Mississippi State Bulldogs,4
Black,#000000;,Missouri Tigers,1
Gold,#F1B82D;,Missouri Tigers,2
MIDNIGHT BLUE ,#041E42;,Monmouth Hawks,1
GREY ,#53565A;,Monmouth Hawks,2
WHITE,#FFFFFF;,Monmouth Hawks,3
Maroon ,NA,Montana Grizzlies,1
Silver ,NA,Montana Grizzlies,2
Blue ,NA,Montana State Bobcats,1
Gold ,NA,Montana State Bobcats,2
Morgan Blue,#1b4383;,Morgan State Bears,1
Morgan Orange,#f47937;,Morgan State Bears,2
Morgan Brown,#CDA177;,Morgan State Bears,3
Morgan Gold,#FFBF3F;,Morgan State Bears,4
White,#ffffff;,Morgan State Bears,5
Black,#000000;,Morgan State Bears,6
Gold,#FFCF00;,Morehead State Eagles,1
Blue,#005EB8;,Morehead State Eagles,2
White,#ffffff;,Morehead State Eagles,3
Black,#000000;,Morehead State Eagles,4
MURRAY STATE GOLD,#ECAC00;,Murray State Racers,1
MURRAY STATE BLUE,#002144;,Murray State Racers,2
White,#ffffff;,Murray State Racers,3
NAVY BLUE,NA,Navy Midshipmen,1
Gold,#C5B783;,Navy Midshipmen,2
Husker Red,#e41c38;,Nebraska Cornhuskers,1
Black,#000000;,Nebraska Cornhuskers,2
Cream,#fdf2d9;,Nebraska Cornhuskers,3
White,#ffffff;,Nebraska Cornhuskers,4
Navy Blue ,#003366;,Nevada Wolfpack,1
Gray ,#807f84;,Nevada Wolfpack,2
NAVY BLUE ,#041e42;,New Hampshire Wildcats,1
GRAY ,#BBBCBC;,New Hampshire Wildcats,2
WHITE,#FFFFFF;,New Hampshire Wildcats,3
Red ,#BA0C2F;,New Mexico Lobos,1
Silver ,#a7a8aa;,New Mexico Lobos,2
Lobo Gray ,#63666A;,New Mexico Lobos,3
Turquoise ,#007A86;,New Mexico Lobos,4
Black ,#000000;,New Mexico Lobos,5
Crimson  ,#861F41;,New Mexico State Aggies,1
Gray ,#97999B;,New Mexico State Aggies,2
Black ,#000000;,New Mexico State Aggies,3
Blue,#005ca6;,New Orleans Privateers,1
Gray,#a3a9ac;,New Orleans Privateers,2
Dark Blue,#002f56;,New Orleans Privateers,3
PURPLE ,#582C83;,Niagara Purple Eagles,1
WHITE,#FFFFFF;,Niagara Purple Eagles,2
Red,#ae132a;,Nicholls Colonels,1
Gray,#72808a;,Nicholls Colonels,2
White,#ffffff;,Nicholls Colonels,3
Black,#000000;,Nicholls Colonels,4
NJIT RED ,#D22630;,NJIT Highlanders,1
NAVY BLUE ,#071D49;,NJIT Highlanders,2
GRAY ,#C1C6C8;,NJIT Highlanders,3
WHITE,#FFFFFF;,NJIT Highlanders,4
NSU Green,#007A53;,Norfolk State Spartans,1
NSU Gold,#F3D03E;,Norfolk State Spartans,2
NSU Gray,#54585A;,Norfolk State Spartans,3
UNA PURPLE ,#46166B;,North Alabama Lions,1
UNA GOLD ,#DB9F11;,North Alabama Lions,2
UNA GREY ,#5F6062;,North Alabama Lions,3
Yellow,#f3b237;,North Carolina Aggies,1
Blue,#003d6d;,North Carolina Aggies,2
White,#ffffff;,North Carolina Aggies,3
NCCU Maroon,#880023;,North Carolina Eagles,1
NCCU Gray,#8e9093;,North Carolina Eagles,2
NCCU Black,#000000;,North Carolina Eagles,3
Carolina Blue ,#7BAFD4;,North Carolina Tar Heels,1
White,#FFF;,North Carolina Tar Heels,2
Navy Blue ,#13294B;,North Carolina Tar Heels,3
Pitch Black ,#000;,North Carolina Tar Heels,4
Silver ,#8D9092;,North Carolina Tar Heels,5
Flat Gray ,#A2AAAD;,North Carolina Tar Heels,6
UND Green ,#009A44;,North Dakota Fighting Hawks,1
UND Gray ,#AAAEAD;,North Dakota Fighting Hawks,2
Black ,#000000;,North Dakota Fighting Hawks,3
Green,#0a5640;,North Dakota State Bison,1
Yellow,#ffc72a;,North Dakota State Bison,2
Red,#D41B2C;,Northeastern Huskies,1
Black,#000000;,Northeastern Huskies,2
White,#ffffff;,Northeastern Huskies,3
UNT Green ,#00853E;,North Texas Mean Green,1
Black ,#000000;,North Texas Mean Green,2
NIU RED ,#BA0C2F;,Northern Illinois,1
NIU SILVER ,#8A8D8F;,Northern Illinois,2
BLACK,#000000;,Northern Illinois,3
PURPLE ,#4B116F;,Northern Iowa,1
GOLD ,#FFCC00;,Northern Iowa,2
GOLD ,#FFC72C;,Northern Kentucky Norse,1
WHITE,#FFFFFF;,Northern Kentucky Norse,2
BLACK,#000000;,Northern Kentucky Norse,3
NAU Blue ,NA,Northern Arizona Lumberjacks,1
NAU Gold ,NA,Northern Arizona Lumberjacks,2
Fall Aspen ,NA,Northern Arizona Lumberjacks,3
Bears Blue ,NA,Northern Colorado Bears,1
Bears Gold ,NA,Northern Colorado Bears,2
OSPREY BLUE ,#00246B;,North Florida Ospreys,1
OSPREY GRAY ,#D9D9D9;,North Florida Ospreys,2
WHITE,#FFFFFF;,North Florida Ospreys,3
Red ,#CC0000;,NC State Wolfpack,1
Black ,#000000;,NC State Wolfpack,2
White ,#FFFFFF;,NC State Wolfpack,3
Purple,#663399;,N.S. Demons,1
White,#ffffff;,N.S. Demons,2
Orange,#ff6600;,N.S. Demons,3
Northwestern Purple,#4E2A84;,Northwestern Wildcats,1
White,#FFFFFF;,Northwestern Wildcats,2
Blue,#0C2340;,Notre Dame Fighting Irish,1
Standard Dome Gold,#c99700;,Notre Dame Fighting Irish,2
Metallic Gold,#Ae9142;,Notre Dame Fighting Irish,3
Irish Green,#00843d;,Notre Dame Fighting Irish,4
METALLIC GOLD ,#B59A57;,Oakland Golden Grizzlies,1
BLACK,#000000;,Oakland Golden Grizzlies,2
WHITE,#FFFFFF;,Oakland Golden Grizzlies,3
BOBCAT GREEN ,#00694E;,Ohio Bobcats,1
BOBCAT TAN ,#CDA077;,Ohio Bobcats,2
BOBCAT BLACK,NA,Ohio Bobcats,3
Scarlet,#BB0000;,Ohio State Buckeyes,1
Gray,#666666;,Ohio State Buckeyes,2
White,#FFFFFF;,Ohio State Buckeyes,3
Black,#000000;,Ohio State Buckeyes,4
Oklahoma Crimson,#841617;,Oklahoma Sooners,1
Oklahoma Cream ,#FDF9D8;,Oklahoma Sooners,2
Orange,#FF7300;,Oklahoma State Cowboys,1
Black,#000000;,Oklahoma State Cowboys,2
Blue ,#003057;,Old Dominion,1
Gray ,NA,Old Dominion,2
Light Blue ,NA,Old Dominion,3
Red,#CE1126;,Ole Miss Rebels,1
NAVY BLUE,#14213D;,Ole Miss Rebels,2
POWDER BLUE,#006BA6;,Ole Miss Rebels,3
WHITE,#FFFFFF;,Ole Miss Rebels,4
Black ,#000000;,Omaha Mavericks,1
Red ,#D71920;,Omaha Mavericks,2
Dark Grey ,#636568;,Omaha Mavericks,3
Navy Blue,#002f60;,Oral Roberts,1
Gold,#C5b783;,Oral Roberts,2
Dark Gold,#A28E2A;,Oral Roberts,3
Oregon Green,#154733;,Oregon Ducks,1
Yellow,#FEE123;,Oregon Ducks,2
Beaver Orange,#dc4405;,Oregon State Beavers,1
Paddletail Black,#000000;,Oregon State Beavers,2
Bucktooth White,#ffffff;,Oregon State Beavers,3
Pacific Athletic Orange ,#E35205;,Pacific Tigers,1
Pacific Black ,#231f20;,Pacific Tigers,2
Pacific University Orange ,#D86018;,Pacific Tigers,3
Pacific Gray ,#949A90;,Pacific Tigers,4
Penn Red ,#990000;,Penn Quakers,1
PENN BLUE ,#011F5B;,Penn Quakers,2
WHITE,#FFFFFF;,Penn Quakers,3
Blue,#041E42;,Penn State Nittany Lions,1
White,#FFFFFF;,Penn State Nittany Lions,2
Pepperdine Blue ,#00205c;,Pepperdine Waves,1
Pepperdine Orange ,#ee7624;,Pepperdine Waves,2
Game Royal,#003594;,Pittsburgh Panthers,1
University Gold,#FFB81C;,Pittsburgh Panthers,2
Blue,#1c2957;,Pittsburgh Panthers,3
Gold,#cdb87d;,Pittsburgh Panthers,4
Purple ,#1e1656;,Portland Pilots,1
Gray ,#5e6A71;,Portland Pilots,2
Green ,NA,Portland State Vikings,1
White,#FFFFFF;,Portland State Vikings,2
Metallic Silver ,NA,Portland State Vikings,3
Anthracite ,NA,Portland State Vikings,4
Black ,#000000;,Portland State Vikings,5
Purple,#330066;,Prairie View Panthers,1
Gold,#ffcc33;,Prairie View Panthers,2
Black,#000000;,Prairie View Panthers,3
Blue,#0060A9;,Presbyterian Blue Hose,1
Red,#9D2235;,Presbyterian Blue Hose,2
White,#ffffff;,Presbyterian Blue Hose,3
PRINCETON ORANGE ,#FF671F;,Princeton Tigers,1
BLACK,#000000;,Princeton Tigers,2
SILVER ,#8a8d8f;,Providence Friars,1
BLACK,#000000;,Providence Friars,2
WHITE,#FFFFFF;,Providence Friars,3
Athletic Gold,#ceb888;,Purdue Boilermakers,1
Black,#000000;,Purdue Boilermakers,2
Gray,#9d968D;,Purdue Boilermakers,3
Dark Gray,#373A36;,Purdue Boilermakers,4
Campus Gold,#C28E0E;,Purdue Boilermakers,5
Red,#c2011b;,Radford Highlanders,1
Gray,#d1d3d4;,Radford Highlanders,2
Blue,#003C71;,Radford Highlanders,3
White,#ffffff;,Radford Highlanders,4
LIGHT BLUE ,#68abe8;,Rhode Island Rams,1
DARK BLUE ,#002147;,Rhode Island Rams,2
WHITE,#FFFFFF;,Rhode Island Rams,3
UR BLUE ,#000066;,Richmond Spiders,1
UR RED ,#990000;,Richmond Spiders,2
Navy Blue ,#00205B;,Rice Owls,1
Gray ,NA,Rice Owls,2
RIDER CRANBERRY ,#981E32;,Rider Broncs,1
RIDER GREY ,#6C6F70;,Rider Broncs,2
WHITE,#FFFFFF;,Rider Broncs,3
Scarlet,#cc0033;,Rutgers Scarlet Knights,1
Grey,#5F6A72;,Rutgers Scarlet Knights,2
Black,#000000;,Rutgers Scarlet Knights,3
Blue,#14234b;,Robert Morris Colonials,1
Red,#a6192e;,Robert Morris Colonials,2
Gray,#b2b1ae;,Robert Morris Colonials,3
White,#ffffff;,Robert Morris Colonials,4
Sac State Green ,NA,Sacramento State Hornets,1
Sac State Green ,NA,Sacramento State Hornets,2
Red,#ce1141;,Sacred Heart Pioneers,1
Gray,#b1b3b6;,Sacred Heart Pioneers,2
Black,#4d4d4f;,Sacred Heart Pioneers,3
White,#ffffff;,Sacred Heart Pioneers,4
Navy,#002649;,Samford Bulldogs,1
Red,#C4161D;,Samford Bulldogs,2
Orange,#fe5100;,S.H.S. Bearkats,1
White,#ffffff;,S.H.S. Bearkats,2
SMC Red ,#D80024;,Saint Mary’s Gaels,1
Gray ,#06315B;,Saint Mary’s Gaels,2
Founder’s Blue ,#002868;,San Diego Toreros,1
Torero Blue ,#84bce8;,San Diego Toreros,2
Immaculata Blue ,#207bc1;,San Diego Toreros,3
Red ,#a6192e;,San Diego State Aztecs,1
Black,#000000;,San Diego State Aztecs,2
White,#FFFFFF;,San Diego State Aztecs,3
USF Yellow ,#FDBB30;,San Francisco Dons,1
USF Green ,#00543C;,San Francisco Dons,2
USF Gray ,#919194;,San Francisco Dons,3
Blue ,#0055A2;,San Jose State Spartans,1
Gold ,#E5A823;,San Jose State Spartans,2
Gold ,#939597;,San Jose State Spartans,3
Cardinal Red ,#862633;,Santa Clara,1
Red,#AA0000;,Seattle Redhawks,1
Black,#000000;,Seattle Redhawks,2
Seton Hall University Blue ,#004488;,Seton Hall Pirates,1
Seton Hall University Gray ,#A2AAAD;,Seton Hall Pirates,2
Green,#006341;,SE Louisiana Lions,1
Gold,#eaaa00;,SE Louisiana Lions,2
Black,#000000;,SE Louisiana Lions,3
Rich Black,#000000;,SE M.S. Redhawks,1
Southeast Red,#C8102E;,SE M.S. Redhawks,2
White,#ffffff;,SE M.S. Redhawks,3
SIENA YELLOW ,#FFC72C;,Siena Saints,1
SIENA RED ,#C8102E;,Siena Saints,2
SIENA GREEN ,#006747;,Siena Saints,3
SIENA BROWN ,#693F23;,Siena Saints,4
SIENA BLACK,NA,Siena Saints,5
Red,#ef3829;,SIUE Cougars,1
White,#ffffff;,SIUE Cougars,2
Light Brown,#cfaa7a;,SIUE Cougars,3
Brown,#a68462;,SIUE Cougars,4
Dark Brown 1,#896532;,SIUE Cougars,5
Dark Brown 2,#5a471c;,SIUE Cougars,6
Black,#000000;,SIUE Cougars,7
SMU Blue ,#0033A0;,SMU Mustangs,1
SMU Red ,#C8102E;,SMU Mustangs,2
Garnet,#73000A;,South Carolina Gamecocks,1
Black,#000000;,South Carolina Gamecocks,2
GREEN ,#00703c;,South Carolina Upstate Spartans,1
BLACK,#000000;,South Carolina Upstate Spartans,2
WHITE,#FFFFFF;,South Carolina Upstate Spartans,3
Red,#862633;,South Carolina Bulldogs,1
Blue,#001A72;,South Carolina Bulldogs,2
NCCU Black,#000000;,South Carolina Bulldogs,3
USA BLUE ,#00205B;,South Alabama Jaguars,1
USA RED ,#BF0D3E;,South Alabama Jaguars,2
Red ,#ad0000;,South Dakota Coyotes,1
Gray ,#b4b4b4;,South Dakota Coyotes,2
Black ,#000000;,South Dakota Coyotes,3
SDSU Blue ,#0033A0;,South Dakota State Jackrabbits,1
SDSU Yellow ,#FFD100;,South Dakota State Jackrabbits,2
USF GREEN ,#006747;,South Florida Bulls,1
USF GOLD ,#CFC493;,South Florida Bulls,2
MAROON ,#720000;,Southern Illinois,1
WHITE,#FFFFFF;,Southern Illinois,2
BLACK,#000000;,Southern Illinois,3
Black ,#000000;,Southern Miss Golden Eagles,1
Gray ,#FFAB00;,Southern Miss Golden Eagles,2
Columbia Blue,#58b6e7;,Southern Jaguars,1
Gold,#ffce34;,Southern Jaguars,2
SUU Red ,NA,Southern Utah Thunderbirds,1
SUU Black ,NA,Southern Utah Thunderbirds,2
SUU White,#FFFFFF;,Southern Utah Thunderbirds,3
Cardinal Red,#8C1515;,Stanford Cardinal,1
Cool Gray,#4D4F53;,Stanford Cardinal,2
Black,#2e2d29;,Stanford Cardinal,3
White,#ffffff;,Stanford Cardinal,4
Purple,#613393;,Stephen F.A. Lumberjacks,1
White,#ffffff;,Stephen F.A. Lumberjacks,2
BROWN ,#54261a;,St. Bonaventure Bonnies,1
GOLD ,#fdb726;,St. Bonaventure Bonnies,2
GRAY ,#bdb6b0;,St. Bonaventure Bonnies,3
Blue,#005496;,St.Francis Terriers,1
Red,#e03a3e;,St.Francis Terriers,2
White,#ffffff;,St.Francis Terriers,3
Red,#bd1f25;,St.Francis Red Flash,1
Dark Red,#790000;,St.Francis Red Flash,2
Silver,#8e908f;,St.Francis Red Flash,3
Black,#000000;,St.Francis Red Flash,4
HUNTER GREEN ,#006747;,Stetson Hatters,1
KHAKI ,#B58150;,Stetson Hatters,2
BROWN ,#9E652E;,Stetson Hatters,3
BLACK,#000000;,Stetson Hatters,4
WHITE,#FFFFFF;,Stetson Hatters,5
ST. JOHN’S RED ,#BA0C2F;,St. John’s Red Storm,1
SJU BLUE ,#041C2C;,St. John’s Red Storm,2
SILVER GRAY ,#A7A8AA;,St. John’s Red Storm,3
WHITE,#FFFFFF;,St. John’s Red Storm,4
CRIMSON ,#9e1b32;,St. Joseph’s Hawks,1
GRAY ,#6c6f70;,St. Joseph’s Hawks,2
SLU BlUE ,#003DA5;,St. Louis Billikens,1
COLLEGE CHURCH GRAY ,#C8C9C7;,St. Louis Billikens,2
IRIS WHITE,NA,St. Louis Billikens,3
Blue,#002855;,St.Mary’s Mountaineers,1
Bronze,#84754E;,St.Mary’s Mountaineers,2
White,#ffffff;,St.Mary’s Mountaineers,3
NAVY ,#003C71;,St. Peter’s Peacocks,1
BLUE ,#0072CE;,St. Peter’s Peacocks,2
GRAY ,#A59C94;,St. Peter’s Peacocks,3
BLACK,#000000;,St. Peter’s Peacocks,4
WHITE,#FFFFFF;,St. Peter’s Peacocks,5
STONY BROOK RED ,#990000;,Stony Brook Seawolves,1
MIDNIGHT BLUE,#16243e;,Stony Brook Seawolves,2
STONY BROOK GREY ,#828282;,Stony Brook Seawolves,3
Syracuse Orange,#D44500;,Syracuse Orange,1
Extra Dark Gray,#3e3d3c;,Syracuse Orange,2
Dark Gray,#6f777d;,Syracuse Orange,3
Medium Gray,#adb3b8;,Syracuse Orange,4
Light Gray,#3e3d3c;,Syracuse Orange,5
Navy ,#0D1D37;,Syracuse Orange,6
CHERRY RED,#9D2235;,Temple Owls,1
YELLOW,#FFCD00;,Temple Owls,2
METALLIC SILVER,#8A8D8F;,Temple Owls,3
SILVER,#C1C6C8;,Temple Owls,4
BLACK,#000000;,Temple Owls,5
WHITE,#FFFFFF;,Temple Owls,6
Blue,#00539F;,Tennessee State Tigers,1
White,#ffffff;,Tennessee State Tigers,2
Tennessee Tech Purple,#4f2984;,Tennessee Golden Eagles,1
Tennessee Tech Gold,#FFDD00;,Tennessee Golden Eagles,2
Maroon,#500000;,Texas A&M Aggies,1
White,#FFFFFF;,Texas A&M Aggies,2
Blue,#0067C5;,Texas A&M-CC Islanders,1
Green,#007F3E;,Texas A&M-CC Islanders,2
Silver,#9EA2A4;,Texas A&M-CC Islanders,3
Dark Blue,#002e57;,Texas A&M-CC Islanders,4
Orange ,#f58025;,Texas-Arlington Mavericks,1
Blue ,#0064b1;,Texas-Arlington Mavericks,2
Purple ,#4d1979;,Texas Christian Horned Frogs,1
Grey,#a3a9ac;,Texas Christian Horned Frogs,2
White ,#FFFFFF;,Texas Christian Horned Frogs,3
Burnt Orange,#bf5700;,Texas Longhorns,1
Dark Gray,#333f48;,Texas Longhorns,2
WHite,#FFFFFF;,Texas Longhorns,3
Maroon,#7c183e;,Texas Southern Tigers,1
Gray,#9da6ab;,Texas Southern Tigers,2
White,#ffffff;,Texas Southern Tigers,3
Maroon ,#501214;,Texas State Bobcats,1
Gold ,#8d734a;,Texas State Bobcats,2
Red ,#CC0000;,Texas Tech Red Raiders,1
Black ,#000000;,Texas Tech Red Raiders,2
White ,#FFFFFF;,Texas Tech Red Raiders,3
BLUE ,#15397F;,Toledo Rockets,1
LIGHT BLUE ,#005CB9;,Toledo Rockets,2
GOLD ,#FFDA00;,Toledo Rockets,3
LIGHT GRAY ,#BEC6C3;,Toledo Rockets,4
GRAY ,#A0ACAA;,Toledo Rockets,5
BLACK,#000000;,Toledo Rockets,6
Gold,#FFBB00;,Towson Tigers,1
Black,#3C3C3C;,Towson Tigers,2
White,#ffffff;,Towson Tigers,3
Gray,#DDDDDD;,Towson Tigers,4
Red,#8a2432;,Troy Trojans,1
Grey,#b3b5b8;,Troy Trojans,2
White,#ffffff;,Troy Trojans,3
DARK GREEN ,#006747;,Tulane Green Wave,1
KELLY GREEN ,#43B02A;,Tulane Green Wave,2
BLUE ,#418FDE;,Tulane Green Wave,3
WHITE,#FFFFFF;,Tulane Green Wave,4
BLACK,#000000;,Tulane Green Wave,5
Navy Blue ,#002D72;,Tulsa Golden Hurricane,1
Red ,#C8102E;,Tulsa Golden Hurricane,2
Old Gold ,#C5B783;,Tulsa Golden Hurricane,3
Yellow ,#F3D54E;,Tulsa Golden Hurricane,4
Metallic Gold ,#84754E;,Tulsa Golden Hurricane,5
Green ,NA,UAB Blazers,1
Gold ,#CC8A00;,UAB Blazers,2
Black ,#000000;,UAB Blazers,3
Red ,#BF0D3E;,UAB Blazers,4
YALE BLUE ,#002855;,UC Davis,1
GOLD ,#B3A369;,UC Davis,2
UCF Bright Gold,#ffc904;,UCF Knights,1
UCF METALLIC GOLD,#ba9b37;,UCF Knights,2
BLACK,#000000;,UCF Knights,3
DARK BLUE ,#0C2340;,UC Irvine Anteaters,1
YELLOW ,#FFC72C;,UC Irvine Anteaters,2
Powderkeg Blue,#2d68c4;,UCLA Bruins,1
Westwood Gold,#f2a900;,UCLA Bruins,2
Blue,#3284BF;,UCLA Bruins,3
Yellow,#FFE800;,UCLA Bruins,4
UCR BLUE ,#2D6CC0;,UC Riverside Highlanders,1
UCR NAVY ,#003066;,UC Riverside Highlanders,2
UCR GOLD ,#F1AB00;,UC Riverside Highlanders,3
UCR GRAY ,#7A6E67;,UC Riverside Highlanders,4
BLACK,#000000;,UC Riverside Highlanders,5
NAVY ,#003660;,UC Santa Barbara Gauchos,1
GOLD ,#FEBC11;,UC Santa Barbara Gauchos,2
RED,#ac1e2d;,UIC Flames,1
FLAMES BLUE ,#041E42;,UIC Flames,2
YELLOW,#facc09;,UIC Flames,3
RED ,#971B2F;,UMass Minutemen,1
DARK RED ,#572932;,UMass Minutemen,2
GREY ,#B1B3B3;,UMass Minutemen,3
BLACK,#000000;,UMass Minutemen,4
BLUE ,#003DA5;,UMass Lowell,1
RED ,#C8102E;,UMass Lowell,2
WHITE Verified Source,NA,UMass Lowell,3
UMBC Retriever Brown ,#b18906;,UMBC Retrievers,1
UMBC Gold ,#ffc20e;,UMBC Retrievers,2
UMBC Black ,#000000;,UMBC Retrievers,3
UMBC Red ,#ed1c24;,UMBC Retrievers,4
Blue ,#005293;,UMKC Kangaroos,1
Yellow ,#fecb00;,UMKC Kangaroos,2
Black ,#000000;,UMKC Kangaroos,3
Gray ,#dcddde;,UMKC Kangaroos,4
Blue,#003DA5;,UNC Asheville Bulldogs,1
White,#ffffff;,UNC Asheville Bulldogs,2
Grey,#808285;,UNC Asheville Bulldogs,3
Light Grey,#c7c8ca;,UNC Asheville Bulldogs,4
Red,#e31837;,UNC Asheville Bulldogs,5
Black,#231f20;,UNC Asheville Bulldogs,6
Blue,#003366;,UNC Seahawks,1
Teal,#006666;,UNC Seahawks,2
Yellow,#FFD600;,UNC Seahawks,3
Navy,#0f2044;,UNCG Spartans,1
Gold,#ffb71b;,UNCG Spartans,2
Grey,#bec0c2;,UNCG Spartans,3
Scarlet ,#CF0A2C;,UNLV Rebels,1
Gray ,#CAC8C8;,UNLV Rebels,2
Black ,#000000;,UNLV Rebels,3
Red,#990000;,USC Trojans,1
Yellow,#FFC72C;,USC Trojans,2
University Red,#CC0000;,Utah Utes,1
Gray,#808080;,Utah Utes,2
Black,#000000;,Utah Utes,3
Green ,#275d38;,Utah Valley Wolverines,1
Black ,#000000;,Utah Valley Wolverines,2
Gray ,#8e8c89;,Utah Valley Wolverines,3
Navy ,#0F2439;,Utah State Aggies,1
White ,#FFFFFF;,Utah State Aggies,2
Gray ,#9d968d;,Utah State Aggies,3
Black ,#000000;,Utah State Aggies,4
Orange ,NA,UTEP Miners,1
Blue ,#041E42;,UTEP Miners,2
Silver ,#B1B3B3;,UTEP Miners,3
Orange,#f79728;,UT Martin Skyhawks,1
Blue,#002a5b;,UT Martin Skyhawks,2
Orange ,#FFA300;,UTRGV Vaqueros,1
Dark Orange,#f05023;,UTRGV Vaqueros,2
Green ,#00843D;,UTRGV Vaqueros,3
Navy Blue ,#0C2340;,UTRGV Vaqueros,4
Orange ,NA,UTSA Roadrunners,1
Blue ,#0C2340;,UTSA Roadrunners,2
BROWN ,#381e0e;,Valparaiso Crusaders,1
LIGHT BROWN ,#613318;,Valparaiso Crusaders,2
GOLD ,#ffcc00;,Valparaiso Crusaders,3
WHITE,#FFFFFF;,Valparaiso Crusaders,4
Black,#000000;,Vanderbilt Commodores,1
Old Gold,#866d4b;,Vanderbilt Commodores,2
NAVY,#00205b;,Villanova Wildcats,1
LIGHT BLUE,#13b5ea;,Villanova Wildcats,2
GOLD,#8B634B;,Villanova Wildcats,3
WHITE,#FFFFFF;,Villanova Wildcats,4
Jefferson Blue CMYK,#232D4B;,Virginia Cavaliers,1
Cavalier OrangeCMYK,#F84C1E;,Virginia Cavaliers,2
White,#FFFFFF;,Virginia Cavaliers,3
GOLD ,#ffb300;,Virginia Commonwealth Rams,1
BLACK,#000000;,Virginia Commonwealth Rams,2
Chicago Maroon ,#630031;,Virginia Tech Hokies,1
Burnt Orange  ,#cf4420;,Virginia Tech Hokies,2
Red,#a71f23;,VMI Keydets,1
Yellow,#ffd520;,VMI Keydets,2
Black,#000000;,VMI Keydets,3
Gray,#666766;,VMI Keydets,4
Green,#00483a;,Wagner Seahawks,1
Gray,#b9bbbd;,Wagner Seahawks,2
White,#ffffff;,Wagner Seahawks,3
Wake Forest Gold,#9E7E38;,Wake Forest Demon Deacons,1
Black ,#000000;,Wake Forest Demon Deacons,2
Purple,#4B2E83;,Washington Huskies,1
Gold,#b7a57a;,Washington Huskies,2
Metallic Gold,#85754d;,Washington Huskies,3
Crimson,#981E32;,Washington State Cougars,1
Cougars Gray,#5E6A71;,Washington State Cougars,2
Wildcat Purple ,NA,Weber State Wildcats,1
Waldo’s Gray ,NA,Weber State Wildcats,2
Black ,#000000;,Weber State Wildcats,3
Purple,#592c88;,Western Carolina Catamounts,1
Gold,#C1A875;,Western Carolina Catamounts,2
Purple ,#663399;,Western Illinois Leathernecks,1
Yellow ,#ffcc00;,Western Illinois Leathernecks,2
Red ,#c60c30;,Western Kentucky Hilltoppers,1
Black ,#1E1E1E;,Western Kentucky Hilltoppers,2
Gray ,#A2A4A3;,Western Kentucky Hilltoppers,3
BROWN ,#6C4023;,Western Michigan,1
GOLD ,#B5A167;,Western Michigan,2
GRAY ,#AAA8AA;,Western Michigan,3
BLACK,#000000;,Western Michigan,4
WHITE,#FFFFFF;,Western Michigan,5
Blue,#002855;,West Virginia Mountaineers,1
Gold ,#EAAA00;,West Virginia Mountaineers,2
Garnet,#660000;,Winthrop Eagles,1
Gold,#F0B323;,Winthrop Eagles,2
White,#ffffff;,Winthrop Eagles,3
Badger Red,#c5050c;,Wisconsin Badgers,1
Dark Red Accent,#9b0000;,Wisconsin Badgers,2
White,#ffffff;,Wisconsin Badgers,3
Wichita State Yellow ,#FFCD00;,Wichita State Shockers,1
Wichita State Black,NA,Wichita State Shockers,2
Green,#115740;,William & Mary Tribe,1
Gold,#F0B323;,William & Mary Tribe,2
Old Gold ,#886E4C;,Wofford Terriers,1
Black,#FFFFFF;,Wofford Terriers,2
Khaki ,#C7B37F;,Wofford Terriers,3
RAIDER GREEN ,#026937;,Wright State Raiders,1
RAIDER GOLD ,#CEA052;,Wright State Raiders,2
MCLIN GOLD ,#FFE1A5;,Wright State Raiders,3
NUTTER ORANGE ,#DE6328;,Wright State Raiders,4
Wyoming Gold,#ffc425;,Wyoming Cowboys,1
Wyoming Brown,#492f24;,Wyoming Cowboys,2
Xavier Blue ,#0C2340;,Xavier Musketeers,1
Xavier Silver ,#9EA2A2;,Xavier Musketeers,2
Light Blue ,#0099CC;,Xavier Musketeers,3
YALE BLUE,#00356b;,Yale Bulldogs,1
WHITE,#FFFFFF;,Yale Bulldogs,2
PENGUIN RED ,#C8102E;,Youngstown State Penguins,1
PENGUIN YELLOW ,#F3D54E;,Youngstown State Penguins,2
PENGUIN BLACK,NA,Youngstown State Penguins,3
PENGUIN WHITE,NA,Youngstown State Penguins,4
